cpf;nome_cliente;Rua ;Bairro;Cidade;UF;placa
701.815.694-77;Timóteo Matos;Rua Pedro Silva Martins; Jardim Brasil; Amparo; SP;CDB-6550
409.163.286-60;Xeila Martins da Silva;Av. 7 de setembro; Jardim Brasil; Americana; SP;FBE-7782
757.816.660-36;Yara Martins Júnior;Praça Ivone Souza; Centro; Pedreira; SP;CAF-5415
981.894.943-92;Luciana Silva;Rua Xailo Souza; Jardim Brasil; Jaguariúna; SP;FBE-7782
073.202.759-45;Bruna Júnior Silva;Praça Antônio Silva Sobrinho; Jardim São Paulo; Jaguariúna; SP;LEJ-4B96
629.680.888-74;Jaqueline de Souza Oliveira;Rua Pedro Martim; Parque das Flores; Campinas; SP;FBD-1173
893.076.453-37;Gilberto Júnior Teixeira;Av. Paulista; Jardim São Paulo; Americana; SP;FBD-1173
158.660.877-07;Timóteo Oliveira;Rua do Mel; Centro; Nova Odessa; SP;ACH-6A95
962.178.727-06;Xeila Souza Júnior;Rua Valter Souza; Jardim São Paulo; Pedreira; SP;DLE-1A56
597.955.221-91;Olga Martins;Av. 7 de setembro; Jardim Brasil; Pedreira; SP;CCI-5260
395.005.819-22;Luis Teixeira;Rua Brito de Souza; Jardim São Paulo; Jaguariúna; SP;LDD-1002
286.150.469-21;Pedro Filho;Praça Ivone Souza; Centro; Jaguariúna; SP;KLA-7A63
891.575.889-70;Yara Filho Filho;Praça Antônio Silva Sobrinho; Parque das Flores; Nova Odessa; SP;EEL-8147
746.115.849-09;Gisele da Silva da Silva;Av. 7 de setembro; Centro; Campinas; SP;BLB-5D66
900.206.435-78;Ursula Neto Alves;Rua das Flores; Parque das Flores; Amparo; SP;IJA-7733
191.921.293-07;Valter Souza Souza;Av. 7 de setembro; Parque das Flores; Nova Odessa; SP;KFA-3C03
857.950.358-23;Ivone Filho;Praça dos Trabalhadores; Centro; Americana; SP;EKA-3455
860.466.368-17;Queila Neto;Rua das Flores; Centro; Amparo; SP;LLL-6246
037.679.092-00;Xailo Mattos Matos;Rua das Rosas; Centro; Jaguariúna; SP;KBK-5248
485.522.339-59;Carla Martim da Silva;Rua Pedro Martim; Jardim Brasil; Pedreira; SP;LIB-7295
288.667.376-58;Evandro Júnior;Av. Brasil; Parque das Flores; Amparo; SP;FLL-2392
330.594.014-03;Evandro Mattos;Rua do açúcar; Parque das Flores; Jaguariúna; SP;BKB-3810
842.022.641-69;Antônio Sobrinho Neto;Rua Valter Souza; Jardim Brasil; Campinas; SP;ELF-7B90
938.014.315-09;Carla Teixeira;Av. Brasil; Centro; Americana; SP;CCI-5260
311.756.371-73;Gilberto da Silva Filho;Av. Paulista; Jardim Brasil; Americana; SP;EJI-7E35
300.766.852-25;Yago Custódio;Av. Paulista; Jardim São Paulo; Pedreira; SP;EBI-3338
645.329.387-08;Brito Teixeira;Av. XV de Novembro; Jardim Brasil; Nova Odessa; SP;BHI-3F56
570.776.506-93;Flávia Custódio Teixeira;Rua das Rosas; Jardim Brasil; Jaguariúna; SP;JCF-7153
763.952.560-84;Gisele Júnior Alves;Rua do Mel; Parque das Flores; Pedreira; SP;ILC-2428
162.262.067-48;João Martim de Souza;Av. Brasil; Jardim Brasil; Amparo; SP;LCB-7951
694.235.242-06;Jaqueline Teixeira;Av. Brasil; Jardim São Paulo; Pedreira; SP;HCA-6132
787.327.017-30;Tatiane Alves;Praça dos Trabalhadores; Parque das Flores; Pedreira; SP;LAE-4407
574.746.905-35;Hugo Oliveira;Rua das Flores; Parque das Flores; Campinas; SP;BHI-3F56
618.874.220-05;Carla Souza Mattos;Rua do açúcar; Jardim São Paulo; Jaguariúna; SP;BFC-3C01
782.603.942-86;Fábio Neto Silva;Rua do açúcar; Jardim São Paulo; Amparo; SP;JKF-6A99
